ICA_00	ICA_01	ICA_02	ICA_03	ICA_04	ICA_05	ICA_06	ICA_07	ICA_08	ICA_09	ICA_10	ICA_11	ICA_12	ICA_13	ICA_14	ICA_15
0.035288600494082355	1.433203128941723	-0.15095449699566837	0.8160620024331526	0.18848788258735816	-0.6945287837387677	0.03492263242069331	0.8383838590066169	-0.2799838999634889	1.0032889542390244	-0.10919439071915309	2.5009590958764654	0.16531573786525858	1.3051918499124564	0.4169020058275589	1.090595815987764
0.06057990315301644	1.5481181390080658	-0.9528866110721853	0.5387899520152204	-0.3232333264435791	-0.290860322329408	0.08338267993484322	1.027374410615836	-0.9163308674275029	0.9817468681330891	-0.28540131743730984	2.8827978439694038	0.08360509659427509	1.6529706427565334	-0.11175360041428219	0.8288740995813089
0.025552192362828685	0.4921825017724122	-0.697463879845077	-0.33985110781832645	-1.3575213613449524	-0.07561003008530957	-0.6763268099526989	1.0311459704825179	-1.2839217756771177	0.20254182450052777	-0.12353923457841783	2.768796218742547	0.7948641939601889	2.264275840675924	-0.34327865290402687	0.17005448892797365
0.034031119635145046	-1.975174596012592	0.1381409820710832	0.9459304920580018	-1.062942343787408	-0.8092892580022412	-0.6158474105708822	0.877399661741994	-1.9791867579924491	-1.0124827847133477	1.5402541271707717	1.6900743751316294	-0.8252087418469302	1.5254739568537325	-0.4424218065311584	1.287196318580662
1.5862264934018826	-1.0793931645741277	-1.1558484556786055	0.17701639481691575	0.9360176113200073	1.5344277777024993	-2.329128825823602	0.5901323093257458	-0.8432074179985056	-1.1105031805974284	0.17004705921264515	0.07840658415054809	-0.6399911902024714	1.961103391588902	1.4726554271973835	1.2036019871621457
0.20740390189418836	-0.7216695780788357	-0.8100047783099744	0.14764350220241665	1.7294272121419367	-0.0035385954780092405	-0.6177333145681643	0.018327959330577785	-0.7681802584304429	-1.2097500153606768	-0.9338103851039982	-1.6377895865777727	-1.5296353140163383	0.9259387283475582	1.196296356371283	2.6169846542354103
1.135207335441397	0.5125573099782343	0.024863726164022368	-0.3536900128178059	2.092076064124487	0.9402672899553894	-1.4552731930019	-1.0677202772630283	-0.17573962788802006	1.0003939467687115	-0.735502292733518	-1.2064092279025895	-0.8355162590077948	0.3774991167619851	1.391470139033482	1.9882916402595536
-0.43327195526895845	0.2119503581547075	-0.6811280314969463	-0.31028153038903217	0.7855481875533569	0.7154172388459326	-1.1434636301928316	-1.7643509587210107	-1.3471281985869	0.47801946163621534	-0.3376310523945185	-2.2100285529167167	-0.9011720851463484	0.29777784593938483	1.4426563327837592	0.4416635994157325
-1.1904332038839929	-0.9404513468939623	1.5813511382748942	0.5854951072369435	-0.6205286492567038	-1.0860133628363053	-0.07704029329628359	-2.1235234907590015	-1.5968316587225777	1.6995762263006724	-3.448633265656586	-0.9749742031037839	-0.8423254086103636	-0.8649455458518714	0.6572316987018814	1.2872675419134585
-2.309576853518298	-0.15134618914037376	-0.26468004818337315	-1.1893025465321565	-0.346541124458522	-0.10324100965937859	-0.946124045839777	-1.457078175896975	1.1319796283488794	-0.5037449893006772	-1.0022271617024359	1.6474978579066537	0.022865314755624647	-1.1953134032335333	2.4395297503966495	-0.3490160201498193
-0.639209539283946	0.3358049320495234	1.2754234791285046	-0.12365030788705314	-0.7077844300811371	-1.8266776505050386	-1.5760661640307692	-2.044675869910548	1.8102458516520217	-0.17728746184334432	3.7846337741880096	0.4313772185327475	0.2875537382673592	0.963878301380094	2.3813006196626656	0.26293252086313745
-0.478647359961038	0.4791332803210195	0.9010361624623188	1.734154771919023	0.5106711995862245	-1.1174116423324478	-1.4232005911827648	-2.0737257214392306	0.9636842725341026	0.6846228732602153	1.095970989331323	-1.173979072286749	0.41823643580962644	2.4037417505856933	1.5796515864111034	1.1164868534953938
-1.7402576517488129	0.5097014106115779	0.48173592201859927	2.3009477445999016	1.599426003255231	0.9781934126642444	0.38780499896977877	-0.5595706357559551	1.3289211618323729	0.5100258006690983	0.9748910239547649	-0.735997464586091	-0.18973402862752123	2.168311196036026	0.24657185125581946	1.582844236858145
-3.0891502203485186	0.029783663752832364	0.010916914965477004	0.3364996644396729	-1.1693390246757462	0.832941923941742	0.8177536808492831	0.4799343903983399	1.142750413014101	-0.028484098747801924	-1.2361921338603115	-1.4891133476305387	0.5727519104131403	1.5515653592218126	-0.026243922450978945	2.10615758743455
-0.043918401114799666	-0.9859105352545448	0.40292233964604507	-0.9891728394849382	-0.5249615307331232	0.6948047928181385	0.5613618392428458	1.1988932502242837	2.5138707483144596	1.900491959125483	1.88235378854924	0.06848277294192519	0.8519270648225027	0.5059995018952079	0.16400608959441967	1.9723407754483449
0.4944811725408433	-2.1493442159069165	-1.1085792863482016	-0.8614502337522912	0.15408784187321947	-0.3735947655808921	2.0093160629207234	1.159862947378563	0.184315578650931	0.5324496981017548	0.9015754122598195	-0.8239750501163138	-0.7651450660595633	0.6121324198286303	1.2419245962229024	1.1710652529063548
0.7733141473943577	-1.062605598558347	-0.3393198847851671	-1.0625531673636412	0.9097968543123621	-0.5584977797820307	1.5410765893787206	0.1879443978336338	-0.037073048331829415	1.1378015257119436	-0.3988951986618616	0.8695537513328641	-1.6305449443862314	-0.07723310509086193	1.3082493650944256	1.5387772841315668
0.5375289693829562	-0.8011082453548433	0.008881289343359444	-0.9780948715496129	0.034029710659164415	0.897874619167894	0.05366537950205473	0.26447353361029957	-1.2606906655115988	1.4844519958239202	0.16626025059659968	0.031142670817414692	-1.0662293746488367	0.36666237349412606	2.0406843859134365	-0.04078774486431528
-1.382802896655567	-0.7329101858919012	0.34605682406207694	-0.8557312968058579	0.5848607757919213	0.14425927921770776	0.8920026000736573	-0.2892952082683399	-1.3271346832346986	0.6556323661673745	-0.9255965617368654	-0.1868733621931386	-1.8222640705399418	-0.06261142599700276	0.9669545953729449	0.7103781343760374
-1.3425710001581268	0.29049359464804714	0.9880899936479701	-1.8564725843370131	1.2938863147842283	0.5912957520711052	-0.8666580795586833	-0.8993981745927953	0.6495486919436211	0.9267872493582979	-1.747920297641768	1.338100114449374	-0.55252926415507	-0.2235041977072777	0.3398360986942539	0.3761313441978122
-1.8920705484041633	-1.247919231087825	1.1670836303838477	-0.5288750080001662	-0.8155691744565381	-0.5784482987329239	0.8538983512994984	-0.2485702146147842	-0.669292171998913	1.2855478191676566	0.5933880009942092	-0.18915869050313688	0.013682900503878378	-0.2263704491686885	0.8030644153702878	-0.36585154960060895
-1.4048794268290268	-1.1018102539178685	-1.0916017561559246	-0.12165762459466965	1.3865353684361217	0.31807054249734557	-0.2385029591319899	-0.5360481141072998	0.49531887741587516	0.41846366568781224	0.14711944077499242	0.5467122577109311	0.09358306819764961	-0.7321849006395906	1.5852032485800673	-0.48247015513537866
0.08127426581024015	0.27747304146021595	0.8534673380860494	0.6925924478441878	0.26295656638923004	-0.18497483574363022	0.6456929311895991	-0.18997379166431191	1.533177053480009	1.4784949619570804	-0.9293828188921899	0.0024508802070451964	1.3857371528666094	0.849610773485894	1.0084035415149573	-0.35743782567964427
-1.3466565572124605	-0.3478097676463777	-0.3153031148294554	0.3332631932812042	-1.5475882984960236	-0.16797324107418182	1.353557883782987	-0.3439567224823405	0.6886889535696535	-0.05512156629590483	0.21734015396481013	-0.06863838071465696	0.6741034342667708	0.6790086027766309	0.49798705561375334	-0.49455185226493525
-0.2425839215365045	-0.6538587800441036	1.3425716070808105	0.7877288816330601	-1.2762938014046754	0.6223195766293992	0.7754239987630607	-0.18747940190730863	1.5310831094135817	1.153376796421602	-0.4205682559699346	1.4366696939364205	-0.11318477591921475	-0.08793886053492578	-0.09628738228904066	0.5745419789612616
-1.217339762906676	-1.6538546535865482	-0.5910685424237946	0.31109371297752414	0.457793033917342	1.9752844897817363	0.7784674713206197	0.8274481453406652	1.2901387217398759	-0.2068389403798934	-0.7699057740197827	1.2340039089296133	-0.502866205639753	-0.13599180667332977	-0.17314095362931614	-0.008647201209691868
1.0488002536004517	-1.17125304514965	0.040481263525441034	-0.01993323548704141	0.08395483677727922	1.9727188978613632	2.231821552845248	0.4388546059438403	0.3601588615790942	0.33795217932183785	-1.010037168245742	-0.6529199377024768	-0.15517753315901914	1.648252375970534	0.42272387686223223	-0.43810976077342
0.35660190471011755	-1.0012590070467924	-0.921849165040929	-1.7121345976868028	0.2552998547184851	0.8611493722018307	2.572858777114378	-0.5720870934733598	-0.6294717872587656	-1.020514708392944	0.15618163683191502	-0.09258700643223296	-1.27531537458245	0.8188109964733256	0.5206691071887042	-0.4027131991072269
0.6692677891410456	-0.11687943204376967	0.5813418085748433	-0.9147183937281045	1.0964411409872112	0.25801012472657076	1.2609897874046052	-1.1827508593298703	-0.2031721030425285	0.27590567079120065	-0.7020185306378193	1.2711714135165528	-1.7476546250490748	-0.25681331113532074	0.18740679504094965	-0.1079663321970373
-0.4006134746408373	0.4323675616332058	-0.38685975718349935	-1.221078371817242	0.31858900570312954	1.6778613805524196	0.6766095694367326	-0.07774516825190413	-1.3141272840552618	0.6667031213066238	0.14131456319324237	-0.14409890168755113	-0.6727636142882418	-0.08821687543398105	0.6464027285104706	-1.107724397345972
-1.230393140679352	-0.2042770873976216	0.3067246994159771	-1.511486057254477	2.095884800931306	0.773973302999547	0.8549555733829012	0.48366485713512464	-0.9961983924406603	0.2911517993578035	0.475125035346889	0.41684325802876393	-0.5613135158146473	-0.8442555984700256	-0.6881696786792525	0.5512416302104711
-0.041420542777896883	0.07312672539028667	1.0148872329079097	-1.900807812654705	-0.011306619511737556	-0.012383155802823913	-0.32637014120291197	1.4670446318678008	-0.512906901189778	1.263256814739725	-0.32968357998123254	-0.2960555494586701	2.08506226850237	-0.22137576344872317	-0.9715864655649562	-0.21760658145478154
-0.18261158209976985	-2.1059352868945944	0.9865608556844593	-0.29144484086571987	-0.3978809627866038	-1.3166011711983443	0.5645175300604529	0.6180148016343938	-0.7823869817069584	1.0691094281947273	0.6142618280294673	-0.1118168578214434	0.5617594442048203	-1.3554810101578585	-0.8592399087362211	0.3063486321899247
-0.5610506975506501	-1.7586121807336108	-3.0696612990824566	0.5235494257082508	2.197185578643176	0.9207942664511064	0.5688948859457216	-0.31447075728630414	-1.2610099770477274	1.1565672753704697	0.7751011722316181	0.9539038074969485	0.5672177114797484	-1.5185921035108632	0.24856532446956228	-1.2289672475201832
0.8049568339711028	0.08028993704906852	0.05224613252520615	0.3330073476871421	-0.3415015008346021	-0.7496749038270688	-0.14212180537334929	-0.7843861894592622	0.27606350454296685	-0.10637388598017226	-2.359531804810068	0.27936888011058825	2.1629261885627624	0.7068141752375479	-0.030328694001942172	-1.394718291021527
-0.8232882703355433	-0.0791092356760038	-0.40100715628893885	0.7627420413277498	-0.948908950221731	-1.4801600803606332	1.453165786258571	-0.2352783663505731	0.37435546396384606	-1.3104331770958417	0.2182334295519039	0.24774657407459175	0.6633834174369334	-0.10904085877135528	-0.24701125310001512	-0.38487008851165794
0.6301535361544147	1.272661378579297	0.3192581158183335	0.8046899358770406	-0.6248581976445824	-0.2715602904454042	0.7345555855266476	-0.017843616417165847	1.062515093669671	0.09061065722407911	0.055684094369791534	1.4880751787972428	0.6340826927664737	-0.35518117773201713	-0.5203605918614983	0.6075324273626238
0.021849953881645786	0.6027162209136185	0.07586955429795024	-0.1916797602997361	-2.4618199114387913	2.038658604720167	0.15617870162745298	0.202747751169015	-0.6098660261578103	-0.5807756537811934	0.6109827952327579	0.5389588168329947	1.2875424275497098	-0.10621472324786552	-0.6528174234675713	0.48422610879513706
0.1158236174972707	-1.0186362291066493	0.25775834039693596	-0.5366414720122531	-0.5242545079848381	1.8436182910667487	0.014113129841700389	-0.040816644915919006	-0.9165403068853095	-1.6625381931961254	0.38956345922037644	0.7370420432282395	-0.8218126797786777	-0.7530924679933289	-1.5924265160628712	1.281660250394215
1.2677297632577602	-0.4173847514960933	0.4844737644189548	-1.554567862395365	0.4373801642086687	2.0131157418221477	-0.6085088958156195	0.4944685231406524	-0.6193508651181695	-0.39829015829921144	-0.040035617713336434	-0.154754652889114	-0.4143256564344098	0.06071268135044936	-0.32551769969212524	-0.2387349739138593
-0.31794251485864294	0.0746612381840848	0.41340022212241306	-1.698323056697303	0.9649591284182556	0.165126420558886	1.0432804359495247	1.2513597459852617	-1.553456301291329	-0.9864189016996668	1.1453660709269815	-1.183163319999509	-0.8175211999070904	-0.480470373029379	-0.0667583090546432	-0.4022104032091752
0.17109767838190595	0.917237828916466	1.2680176223744724	-1.1382014570147854	2.0281129885321216	0.394288429764762	0.05218950471714055	0.3048214689285531	-0.8276076167795645	0.14656039685049083	1.0673249303824583	0.504370194130753	-0.7185991228368374	-1.3712249774402805	-0.46536714235984583	-0.5104762651753469
-0.755247612208361	1.4082389046200994	0.6374628262506491	-1.1551640540761094	0.1542866485232714	0.01725457398841585	-0.8415097086079213	0.5745181992719892	-1.2287664261285558	-0.4936527856023635	-0.25521226087421034	-0.40364305548259494	0.7813983035801406	-0.45581498007301424	0.14324761647142045	-1.6077071782217314
-0.16522356462163237	-0.07973316522566556	2.7478159615318725	0.5358045052085328	0.5892499876160018	-0.9000309742874616	-0.1948247206088932	0.18400481837485033	-0.6820759187325545	0.08864503100152316	1.9761620169882483	0.5260385250521873	0.027295109953674238	-0.914420326143848	-0.2556282290103662	-0.5438261190972118
-0.841218286352674	-0.4101301976322995	0.6150276816221393	0.9886286504846703	2.176963546756856	0.023239396704481042	-0.7766994604943067	-0.23224317176462572	0.2752179535735109	-1.0904734525453863	1.2718353266939562	0.136848082659341	0.23507057494501812	0.16476642070220437	0.32699790259500594	-0.9667597783026424
-0.16735990929248598	0.5559909552206131	1.436830877128441	1.842493404184306	0.9948169829371867	-0.6742323370414472	-0.08067539061744167	-0.9242564423694377	1.5641955377635577	-0.7329218656816188	-0.4840572658486463	-0.04358760248552453	0.8635931226479512	1.3670354570697159	-0.14555306514415414	-0.4154324034435458
-1.3297920202056064	0.7892950799111811	-0.6940553553025174	2.039589782073558	-0.35453021823772574	-0.9628805392537461	0.704867003548566	-1.6401168677084312	0.8287095985289435	-1.5102744966526185	0.16185036262404986	-0.7034551974790515	0.47209094904842897	1.4375300190093758	-0.6778316158806339	0.025042584333420388
0.7155051552466155	1.5938062906684483	-1.0155855565564575	1.2310708855135728	-1.0715878738330467	0.38825917245766595	-0.3660668206280199	-2.4127955283640516	1.2549480212942412	0.4516099102588169	0.2875256726168965	-0.3565007130866119	0.7410264930282641	1.6750779885141671	-1.0379491797504024	-0.03289255711376022
-0.8096746331898323	0.5637399429047618	-1.9122362432448847	0.33586495427639573	-1.58154843565278	-1.0580812843612146	0.19398479311085493	-2.1353231957889416	1.0301666102405729	-0.41504787097672374	0.20667463965760288	-0.5041021415023752	-0.05747670496443595	0.63381503223766	-2.3966770127256347	0.5167098629733302
1.8953432078807941	-0.041006710064655776	-1.2775243592053227	0.15793316557753204	-1.065270017215176	0.34813516680275325	-0.4544879014925456	-1.217378423848189	1.0129195364414134	1.8224119762829294	1.6538061213015212	0.2368043428720145	-0.8900003639636954	-0.21029605500100781	-2.171260718189385	-0.003188428318163076
1.452842179463405	-0.9666681445088642	-2.1168081233958107	-0.6198751301016971	-0.8967947980136524	0.13538275924819948	-1.565807813432123	-0.1431000994542782	-0.33684160104152505	0.6730234476701622	0.9768383215637253	-0.3714430006728526	-0.8732062548688677	-0.04332573780407243	-0.719738816756805	-1.9186700091900202
0.48659757678982823	-0.39062915995659	-0.9365494018461309	0.3064037718881732	-0.16237020610367667	-2.04378624952417	-1.0530771221339537	0.3076014497558488	-0.16117623294042896	-0.11534307092289639	-0.35366925525440895	-0.3353127463123688	-1.9901617915298269	-0.3931937213519531	-0.7335393835639584	-0.9123669131253265
0.752996404244883	0.38901043448546463	-0.15131547863795905	0.2659463679908555	0.2411355950875708	-0.6541198645165692	-1.5611619606058145	0.6794043831904405	0.5051191845853364	1.3078062016364307	-0.03361086796395063	0.7202627819054024	-1.7789860984219428	-0.05091471739572842	-0.8330597778422192	-1.1485182079623513
-0.617504396901869	0.6626839462582791	-0.8160468787993818	-0.38658528502524897	-0.5083152178532928	-0.3265400183532989	-2.2023714500436724	1.7190320581689746	0.24292582055827006	0.42419391966689707	-0.42453265694130077	-0.2560942273036336	-0.49443957154694795	0.9718499723495455	-0.35051543069137026	-2.39132933797836
-0.060785450227260354	-1.2603165399050724	1.5592562653255837	1.0797968780828386	-0.7519689126302503	-1.3869137190885872	-0.9641169922910978	1.7190579744563224	-0.04515978869032428	0.9465884321076663	-0.22681804810349018	-0.579321670823329	-1.2475348347251787	0.3271576028633358	-0.9996468102068252	-0.8031166833846837
-1.2177401796134557	-0.7255168060258887	-0.5789920671924597	0.6744761114277533	0.9787965694486119	-0.36949234594467006	-2.2204801979124347	1.9156860017927004	1.7208574659010512	-1.499627230813878	-1.9234770844988354	-0.242423358796286	-0.8141043869928078	-0.35115376878152893	0.18909863370846922	-0.9311717855258792
-0.3374965504001513	0.8528354588464017	-0.7504215811704911	1.4624002198010213	-0.5474949391798057	-1.08709901748922	-0.22141216008010872	1.5977454247019078	1.201731027975488	-0.7177867937585146	-0.27831004329470965	-2.5953212550463385	0.9193771970236656	0.9091969598365093	1.0588093344723317	-0.6123666815882767
-0.45965570826746094	1.4376886364026544	-1.1816753258210215	1.436991262100891	-0.3864847717233509	-1.720498837749027	0.8277986176718797	1.9034097768154405	1.5115362125261287	-0.7443063835628895	0.11146531363454985	-1.766318471214009	0.23331657184693372	-0.2035619246024799	-0.17704023462199972	1.3450091818869243
0.7375323789081923	2.3826411873028293	-0.7502234890588825	0.9631574704970836	-0.9964005332068874	-0.2599532696502782	0.39649664400053214	1.9827323020629142	1.5926167241947857	0.9020635592086634	0.01736122969121171	-0.036606062007051486	0.5323052569547412	-0.775811891017338	-0.6918924265962499	1.5407972683023934
0.2942293344837641	-0.7956615454566147	-1.8590836298073075	1.0792448994698012	-1.025574395542035	2.1579845990777216	0.3265377108895694	1.2197227464038154	-1.2614013307402299	0.9818181785237313	0.8141859042476698	-0.4081258328175378	0.5147507702337328	-1.8970034531445665	-0.2964711691063921	0.6541711805347156
2.5322048395794448	-1.6832495878179203	0.6926020582772602	0.09750754077626893	-0.9078603443695674	0.7412443874999314	-0.2356892765923552	0.23108297846430093	-0.298758397886509	-1.0510505388543465	-1.1325386578089096	-0.7192821540383287	1.0847638481129283	-0.41409904688551924	0.5396812889431138	-0.14000384178491793
0.9602636086945157	-0.2367060449024549	-0.6338191323082153	-0.7599590389033847	0.6598827002899713	-0.20662477448119715	1.4461614055269891	0.9997833484552718	0.02821124470683693	-2.237949231553917	-0.5705329742287975	-1.3377928043564975	-0.31952172574683724	-0.34019804700479084	0.4205562328720207	0.2484119741925884
0.6820427018498133	0.8103862511494173	0.2037040827976035	-0.9498772504521267	0.7014315680791691	-0.7098127468765126	1.2143158827968823	0.25247464267455383	-0.21828966330302002	-1.0563118270287215	-0.24627289232210306	-0.9008867190441576	-0.5583392060265443	-1.3917528648423059	-0.28182502491183686	0.6808953374057374
1.0575727242394872	1.497173576714829	0.5061597797910068	-0.992328254189703	0.5106193422391339	-0.06992558681753389	0.6128788017894521	-0.09788427868481298	-0.23017754682596916	1.091423314867545	-0.4361610624613549	-0.05391244271036069	-0.09569175589265655	-1.5229065659671739	-0.9881025302306917	0.11395097084840197
0.7404271652826848	0.7826970395717707	-1.0505485942742352	-1.3389092997965244	0.5041086045848412	0.7187266909521111	0.027990094060493423	0.15969019727014203	-0.7218901892570745	1.2448840524429803	-0.0744354372553668	-0.12584037574579823	1.099433420581344	-0.8256963145520211	-1.8077565149216368	-1.2513334965027552
0.8428634713564608	-0.09419983189748973	-0.593947460923623	-1.8550252845867774	-0.7398445230857694	-0.944322434594114	-0.24670877756078768	0.16333777197665014	-1.0262390131255419	0.8087315323662372	-0.8045391719071544	-0.39770970825964747	2.3381563513151877	-0.20222522409025998	-2.5226655048092117	-1.238699393739492
0.07472809581363635	-1.0637606979011398	-0.4184441752297257	-1.298817174056275	0.24903820133511026	-1.9415753928566057	-0.2706422577058362	-0.39642195568768385	-0.5183570185289386	-1.1910498405257868	0.0016326506406659027	0.9883960251748063	1.3990855086468779	-1.5891367455018834	-2.153797737058317	-0.5052294267002583
1.2077372574842988	-0.07360999759584072	0.6299328416139904	-0.5392748767723659	-0.8470312928204626	-1.127470048205502	-0.8640911387883567	-0.42553849729767396	-0.18801883996534355	-0.8229593225697612	0.3320110740203864	0.7282871898446334	2.4049944897536775	-0.16427442340835688	-0.5056956813699337	-1.0261477460393182
0.12423138619661149	-0.6349523514324277	0.8626264098778407	0.913378159844501	-1.0542147427421684	-1.6050163127658288	0.3507159155972578	-0.3438504410986596	-0.32459659928282947	-1.209162294075326	0.2144922143746556	0.3429506726548096	1.0575783167768453	-0.9686214815920283	-0.7295742277977393	0.747312521525574
0.3883746954574848	0.11289660717882245	-0.7670318842247381	0.168165804700879	-0.715601713252595	0.18453758244766907	-0.517852854925268	-0.49210352041946237	0.44984785258257964	-1.8115217167606021	-0.2925495864795815	0.664307417890721	1.4958280903791585	-1.0391764978945512	0.4166579850495059	-0.21472622434092753
1.1085792171134619	1.2657251346744656	0.42768353888284116	1.2955662444288623	-0.15103014370678272	-0.6170851425166269	0.5950699770679029	-0.19504167686913357	1.4429395271111867	-0.5207969378962858	-0.7437227400934641	0.7500396983049705	0.8057923798481662	-0.35827133566132935	-0.444724596377646	0.27563328286996014
1.1235889202074063	1.2269021736595576	-0.39914877887647165	0.6147189863718925	-1.6387432219197466	0.5477744786199039	0.49047755426905204	-0.9116068026965949	0.6491572761168546	-0.2453281372940413	-0.25420123682934903	-0.2105088898847721	1.3137318649232896	0.4046522919750895	-0.5465848661039169	-0.926640811696606
0.8221345114981837	-0.024423441841279786	-1.084917375083479	0.29217415575199307	-0.9769563636756076	1.011090774525121	1.1582039347407878	-1.3273062060300977	-0.4223695681391689	-1.4608478522553738	0.8189848012199935	-0.8471743562876033	-0.38531881873861357	-0.08374771977773698	-0.759427662409014	-1.2967311930744418
1.0865122987313272	-0.07115257082391352	0.08011754945375928	0.04483450024803589	0.005734705060111531	-0.23929455749672918	0.19279471144497395	-0.19953542660049892	-0.2552904506329818	-1.8286244259484834	-0.11817950677698458	-0.1769117019197568	-1.3933498808940918	-1.354294620056667	-0.45460599893614173	-0.09372931568068749
1.571709322370899	1.366745706023313	1.3002875271973566	-0.06927573634300292	0.588088919079797	0.7155812831129332	-0.5886313830859277	0.46793505165787563	-0.11095482541901254	-0.5159645322242045	-0.2759405822972059	0.10309887198174766	-0.9185957592869138	-1.1586632287538159	0.5342766907861657	-0.25979177185560426
0.2913593400235873	1.2873292322023002	0.5127939897546641	-0.07020999241298129	0.044488099188633334	1.496118023445225	-0.6196821632274379	0.290372102208485	-1.8448839343992067	0.09800615242979173	1.1196959410304734	-1.0188684111696376	-0.3424161837945463	-0.9565031677004714	0.8402138364387567	-1.2565423557627702
-1.2129303978763333	1.3873375885898844	1.299220021382593	0.08954207373989403	0.9252673034798348	-0.5679220853648681	-0.9836235640443464	-0.08292247884250169	-0.31688316611824147	-1.4441888254456094	-1.235736368434295	0.07718885330868105	-0.6442300407126372	-1.393552454819212	-0.19678214178784514	-0.4380562193461292
-0.4618625218044296	1.7628218675075231	1.40452099206535	0.24676533443179763	-1.0825132255063084	-0.3756937960996525	-1.3969316428193095	0.41708417800655917	0.020432301953394353	-0.5403863033330094	0.0906062882001011	-0.84940200883414	0.9361347725510106	-0.569325874186321	0.8185728621325916	-1.5659513509363987
-0.2593644722883064	0.3208211252250693	1.6869877923284058	2.0034396790337783	0.7976527064740593	-0.10038990405111807	-0.24184004903444806	-0.35880216041039525	0.23457820417614753	-0.04760359268422266	0.8321036273506723	-0.6658498006988265	-0.3777201622133694	-0.8428185018519894	-0.003403017554263279	-0.6713402087151924
