ICA_00	ICA_01	ICA_02	ICA_03	ICA_04	ICA_05	ICA_06	ICA_07	ICA_08	ICA_09	ICA_10	ICA_11	ICA_12	ICA_13	ICA_14	ICA_15	ICA_16	ICA_17	ICA_18	ICA_19	ICA_20	ICA_21	ICA_22	ICA_23	ICA_24	ICA_25	ICA_26	ICA_27	ICA_28	ICA_29	ICA_30	ICA_31	ICA_32	ICA_33	ICA_34	ICA_35	ICA_36	ICA_37	ICA_38
0.5340793592092681	-2.260370474240371	0.6047304766011327	1.563637728751669	0.058973910188831045	-0.8241473128010425	0.3258370563105457	1.3696584839452437	-0.9159141551992648	0.3604127987291157	-1.001002502261096	-0.5144145435885956	1.0179042044923101	0.752712897372336	1.7916738291605827	-0.8326908534520305	-0.9619565071027917	-1.5147560435398781	-1.4031596282615701	0.48571444927191754	-0.41062692986407845	-0.14805983299452435	-0.39477085866413725	0.15219443482532227	1.6820481497488318	-0.08262439444884713	0.6027602581617922	-1.038986037116548	-1.757763421749609	0.9638765587119045	-0.3911475872193154	0.9209387871451944	-1.9123686227175665	1.7603125482455904	-2.651340657289951	-0.5508284541915407	-1.230424930680956	0.6048652480095987	-1.0474471717249463
0.33607448971865317	-2.171167627149895	0.725473195320523	1.741305383897575	0.28965804412892926	-0.7903651474222615	-0.08047977682859543	-1.034760300888418	-1.6784917778362303	0.03906734140488958	-0.03433743486400917	-0.8676154483221583	-0.0024248652696179946	0.40684948630903567	0.47462439933132844	0.5079333635379228	-0.4159378905953884	0.7926916195455166	-1.1085384620345102	0.9271821673933399	-0.9006690804118291	-0.8389735600437487	-0.915851656416598	-0.06841184444777142	-0.5116727299145275	0.3617900289326321	0.5727381823322353	-0.9247501183744277	-0.4029387902033938	-1.5229760818437474	0.4815965661757112	0.9028269850761013	-0.11961385950198722	0.1857388834509235	-1.743002957604793	-0.5131161931954716	1.173282018991316	1.1078430357602473	-0.09758254002362585
0.656448796466643	-0.44573137494178533	-1.7903894325043213	0.7852829912243878	-1.1282434844720355	-0.6312876309040851	-0.9031922328793799	0.6613299009364766	-1.7938911098997183	-1.1626323379880943	0.174993448707402	-0.6069849726108237	-0.5632915771783086	-2.154748372521214	-0.32593341226866007	0.9616120269182113	-2.495239179285782	-0.7491082397198642	-1.1030204231462488	0.2444204981965519	-0.7907193514527079	0.5004597333161105	-0.9167798216380706	-0.18664614152850995	-1.0103648655608313	1.7849390468874275	1.2018427680400463	-0.5600799701675951	-0.40184741030024423	-0.3831384797329668	0.5651055302059463	0.4400541570949637	-0.9526499172180671	0.856063656183327	-0.1382462988373211	-0.9380930374982599	0.03457697978040906	0.270022844160627	0.27279866460327806
0.1380950642090195	-1.1431883874639777	1.3334250300638328	0.34799188949541077	-0.642720455370691	0.7258762824562297	0.21051390086262145	0.24683460593425746	1.6766627406060686	-2.3338833083705226	-0.8587750647787288	-1.5594227313186078	0.6883646866041739	-1.133528026571338	-0.5477403360856541	-0.0861161630739265	-1.7484801952270175	1.0247784620034068	-0.916358003440098	1.692066521722011	0.40273768394272874	0.81269858012557	-1.2033880783727608	0.6739881286539785	1.4364522602499028	-0.8208544005623372	0.5109479679117359	1.93710512028443	-0.5998919595240694	-0.4475844158578878	-0.004710094698423744	0.74307094380269	0.8575621566400349	-0.663636271611935	1.785188644462816	-0.1597477741959881	-0.125810092524198	1.4102784924115954	-0.23467875573725583
-0.29856780132388333	-1.1204599111785294	-0.7752825330639582	1.185007168851724	0.6580748818532967	0.5509891792519811	0.08310145561424265	-1.066484663416491	0.7020900618093557	-1.7846567356290608	0.587199160622938	-1.6675176787490182	0.032711353920665	1.8848521325160514	-2.231464968536947	-1.7252657248675707	-1.7379745188005251	1.8509927514658644	1.1565788874896685	1.2114480808685817	-0.08934958543112105	0.4650083054189956	-1.6671056653285272	-0.013900551319666122	0.21836474771198122	-0.21788016377124123	0.49572756177266547	0.18644559168022615	0.03931886479417889	-0.18395545141600345	-1.2605979111770989	2.0937976027739245	1.026413441250026	-0.9271359043805458	1.29226331229373	0.918051802776693	-0.7484855560021145	1.124300549435442	0.3808932398792679
-0.39751732285865443	-0.7372540004204012	-1.0962843857546734	0.6587751584198553	0.49093206438047443	0.1071951265026317	-0.025396122513029386	0.9671399612653995	-0.36153499397325767	1.0266288742933913	-0.25651696839096294	-1.0311071261999483	0.3876715311185812	-0.0037978726065034064	-1.423939434654512	0.11482445370700059	-2.139518492228249	0.6753113268294133	1.9988841754066278	0.8915307913865862	-0.19139438054561886	0.4503997532890674	-1.284166908378677	0.5652805217120409	-0.21061951150007033	-0.7919197037180215	0.8200851399405713	0.669916050723941	-0.61866247554926	1.7000371935807046	-2.260183115163307	1.6814433037012397	0.6979294641315225	-0.6192282350742049	1.5890394371830756	-0.3137645295678896	-0.8360455869686342	1.2333443943937765	0.3652598414301274
0.825425462326193	-0.7784875764527042	1.0287978491297105	0.25000055370077745	0.2965636934447771	0.3014596618383327	0.274087611926659	0.7241806770253435	1.0191012308727512	0.025190083767434937	-0.8788189996260058	-1.6981171680322316	-0.7122277634938917	-1.6414951858192843	0.24814319447741787	0.3391816069115408	-1.8785404062183908	-0.5493999760214875	1.1274603725752488	-5.556925207670031	0.19620706922791242	-3.6850519101784895	-1.3406675705581206	1.5539371684555117	0.2542260553727209	0.1824561881062228	0.18254169305735218	2.025891164758651	-0.6363658895142015	0.09738652732643081	-1.1300866154721456	1.6624479559394714	1.052621048702743	-0.19374789471992782	1.07219453785945	-0.7426073805835817	1.0211148907977556	0.9579541676465358	-0.11623758784206073
-0.6252285284983508	-1.0373539121008755	-1.0330890838676066	-1.5187921186973068	0.7286900678254872	-0.2336341168679262	1.7038053908863673	-0.9478531565513958	1.8819987172917962	-0.82203099345184	0.9505278643972294	2.349604832801077	-0.5768890813946269	-2.296588126837491	-0.32081524193886635	-1.1896996640393291	-1.4519210083537701	1.812499993097769	-0.8021595976084321	-0.34618038264547113	0.8191048368478703	0.2313370737021451	1.71509983736318	-0.041792061627152696	-1.6711092765272493	0.7997856580476739	-1.5181374198784576	1.5905567246059906	0.3520277408654294	-1.0364061964553595	-2.3529345034830094	1.9236890126517066	-2.666301414092387	-0.312004745725491	-1.4302753592162054	-0.7230195656759866	-0.40972465640828676	1.0326764172915153	-0.5477949796664358
-0.34872978357846174	-1.8138931117597452	-0.37754264564944284	-1.0957575003828988	0.39250242304878913	1.0389760050101968	1.6048553329124429	1.391526747284887	-0.0711838311957725	-0.6838729318900175	0.2742522298353438	1.2033847222552192	-0.7906394784000743	-0.21475745223319817	-1.6985238650321512	0.31437546299190966	-0.06321565777674718	0.27724352271447456	0.08031302824040196	0.1278646833878202	0.48697567790266355	-1.5003614169657304	-0.45417380492878384	0.13037794975830636	-0.7478038334348687	-0.15436669451722249	-1.4308712879142749	-0.33636800299642844	-0.3178962669973079	0.3291318667005666	-1.1008809667270587	0.5168923151299573	1.429399700180238	0.44873623652204514	-0.49696622854399947	-1.786663636552611	1.0378374974885556	1.7443988993201274	0.18739453378644896
0.19468126320717402	-1.7413452816922126	1.3140645144131942	-1.0568524197577573	0.6219874307470351	2.4690957195920915	0.5222326572764622	-0.0065207181721754	0.14695957182767652	0.4129259068571944	-0.28964384200892895	1.5000551666341368	0.05491395875645658	0.16910731179372715	-0.7936329318379927	0.7564970201769905	-1.8026993357828538	-0.09262193490059034	1.2818299363839074	-0.5750851690634471	-0.6295088168835851	-0.4664166113438569	0.38360676939143024	-0.9165974538689331	-0.458350772714077	0.17364188924620616	-1.4365185014474529	-1.9210472481090073	-1.2476490677290073	-1.288822780895569	-0.0673764125621899	0.3322428763829619	-0.7611395584807978	-0.7181781641565694	0.6118054869276814	0.10468629905571962	-0.4953856857692742	0.8233623700474548	-0.3014689970990997
0.8698693139096904	-1.8445044400448058	0.5990143885622183	-1.4923271569272902	0.5051333600039087	2.1996465172001542	0.46648864632590425	-0.9479462172355594	-0.19727093882708224	0.10095043095309149	1.0364893499733465	1.3108843638040613	-1.0764897311180741	0.40164684984503635	0.7936230742063004	0.12338587990704836	-0.8277379635452359	0.8176841802608735	1.4887146667023778	0.49505898769630113	-1.1100032037131333	-0.7188688100883196	-0.9460756585043096	0.17968888987947948	-0.29889406004457675	-0.15050475112406167	-1.5180763480944812	-1.7514163078155904	0.26708874426164064	0.0821933260799318	0.7492256671037355	0.029476456450546015	1.2633558839720633	0.48826550753137127	0.7854198641763843	-0.998507271946975	1.6795308597320484	0.7866981496897447	-0.2822190540479757
-0.39584986831425373	-1.4665443362320598	-1.5543126675809023	-1.861313753132325	0.4111341333367384	0.15741315021527058	0.38979768678396537	-0.3317364271151376	-0.6336345857410177	1.0002938688237029	0.411426901500328	1.3037379113029253	0.28449020655229346	0.3668307059845761	0.3779573828088565	-0.7810158018880667	-2.1323085780335864	-1.2016478213017083	0.09410189338602556	-0.4148085357836833	-0.9417194701011391	-0.1804572526015382	0.5927037146802028	-0.8392376809881676	0.012516937192459271	1.3503115659712563	-1.652549464582406	-1.497466557827338	-0.7948456918609155	0.3816616740302695	0.34276345105682926	0.1693858404626011	-0.7233303608380085	-0.43662031279943014	2.423366863243547	0.5980131242299827	-0.5421596995180843	0.7900953930312646	-0.08809975990510532
0.0242629686442509	-1.3676857996881715	0.5719207954982441	-1.1233809430166444	-0.5413158525953421	-0.6988078013371385	-0.05793764475174806	1.2981626173667447	0.27480884798813326	0.2912307005126258	1.554088358786801	1.1675829090167054	-0.7336448853038727	-0.21779909646499965	0.21873227318169733	-0.7038007096910486	-0.6703246945711802	0.3896111807278344	-0.09893410514098189	-0.23921935592534668	-0.11629461583271297	-0.4420361990400073	-0.8130242758298012	-0.1905229644405342	-0.22610290291265545	0.2116374356610421	-1.529928057839846	0.2773897284510837	0.05072132323427965	1.124592615075525	1.1340708686546679	0.038115426492482646	-1.0685597587908278	1.8997051073706182	1.2037619919499778	-0.2745348398336467	1.3444949596241116	0.8687739450897995	-0.46567554300439107
-0.9217583336714316	-1.324882704676321	0.3147747870948438	-1.5426371433743338	-0.04369904889467884	-0.021352976450160082	0.16203474593361306	-1.4121946845355688	-0.08359274103816237	1.1776521252660952	0.9996139712500322	1.643565190556871	0.5590503894719516	0.06263569659130121	0.40716919668893353	-0.11905724868003756	-0.6460194924685011	-0.8198372816517517	-0.0846885496296705	0.10168486535345789	0.8532516915684092	0.3118827649258441	-0.6486099015181125	1.5403464619401872	-0.4870919271834646	0.9837173365027362	-0.9674676824415019	0.3464700465375244	0.4086796872378771	-0.3918542049778594	0.8265085706804361	0.33806508271644076	-0.09817190525692909	1.7753763349455132	1.1648792773549455	0.01813056696599232	-0.5568039935847243	1.3961529137626048	1.0363643960666724
-0.28669891370029355	-0.7479362155952367	-0.6240328998906728	-0.584668478042787	-0.42061245912921436	0.02835494001749099	1.3289539598627151	1.5131346901108889	0.4110008775206502	-1.3481954609396927	0.21510194044170938	0.6324642235508682	-0.7522533850815198	0.2638225148047898	-0.5105460796900995	0.645827661904356	-0.49812438764992534	-0.42878214118316854	-1.2654396447693728	0.034004922489299476	0.2381324974582076	0.43505798906871695	-1.486600140420085	0.12110751584743648	-0.3620277760035953	-1.1818808346443979	-0.8530354380115804	0.0685365979154261	0.9776756215458257	1.1667999728102083	1.0495935209699248	0.16585898215717318	0.12073848190562778	1.105058083142294	0.7497860051380408	-0.28187444767508096	0.3555505871473074	0.9312009384826825	0.38457938162943295
-1.3711922520744382	0.010204825992840214	0.3682864708277314	-0.9321900223554068	-0.14868912172835544	0.8065568255035732	0.3955756911514893	-1.291452577845259	-1.5987310747198906	-1.5316251888264842	-0.7285529176687013	0.991619816560238	-0.3509664755335717	0.20668774351140454	-1.1432233332868573	0.8074290328191212	-1.0276192285776296	-0.8931984297858979	-0.40574920335811504	-0.13389103925896556	0.9444241298759041	0.3571886439301743	-0.8032275112854517	-0.1873353022686437	0.81836988770393	-1.423851016360276	-0.5521578140806424	-0.9111743523817202	0.24206232199411865	0.09764758203759151	-0.9408098979279561	0.5404219454413326	-0.012693147173818461	-0.381497516413445	1.6691251353239196	1.112851827640387	-1.7113079784214407	1.0750074805826801	0.12343802111039931
-0.6867173921027822	0.07991803161916318	-1.2162614573874275	-0.6277987631718408	-0.04256763793152804	0.4900292800289125	-0.2515010934605747	1.1664021676987972	-0.5523820222439483	-1.075548629492744	-0.44644259670205266	0.11998612184665215	-0.47293479191052096	-0.07901478812746131	-0.6201492468513156	1.1674749819744443	-0.6120900201562399	-0.5110906060179681	1.4748684352001589	0.19465050257341016	0.5158794021693216	0.014554509121357674	-1.2260122814485523	-0.05541191188937363	0.17752456227836408	-1.9530269256170802	-0.7973922843301297	-0.8965647016861154	-0.11013130079873049	0.9749553101244595	-1.530219481035832	-0.28607309977484807	-0.5182576626576644	-0.022859263804269375	0.3588110502845542	-0.44024704091611316	0.757678869268928	0.7728906209035062	-0.833540298374469
0.1090754801894272	-0.06916323465809615	1.1589834683085514	-0.44274340077146734	-0.6921022945686763	0.45192891886932773	0.9613878519064262	-0.05392597584226079	1.2922184075424785	0.24458587974590396	-0.9882771119335775	0.43303942478846674	0.11567947201652597	-0.11705890934217729	0.944038337089906	2.0893211676823475	-0.982250135937281	-0.8311303229834953	0.8261515848630029	0.5981549592549199	0.6455212273073871	0.5637403050620234	-0.6114254074662551	-0.18733940584442627	0.4889628307743631	-1.4926267111181657	-0.9146904139599483	0.19033253160126767	0.31577616533054664	-0.43816320393252156	-1.2701327944207115	-0.26799768330838275	-0.5737756107205431	0.18267640547546937	0.7283563472811213	-0.3964389602579805	0.24478997855314988	0.6714734771766386	1.2879622320857564
-0.02054967413976156	0.10293149355398074	-1.2366991871971789	0.5520454421570169	-2.9544735364505468	1.3411124410516704	2.4615840773113575	-0.8812824236378392	1.2444410670768782	-1.3747626175323577	-2.106624531106392	1.0434699955259783	1.4882952850691613	2.0051254440505315	-0.26490694486309946	-0.6408253130683048	0.33705263150974074	-0.8473164567373205	-0.02452469375083186	-0.9182329681545318	-1.3477987127787716	-1.3546947846529451	-1.644963896757032	-2.8869799173065065	-2.0880798900388227	1.3048800975928612	-1.4069844996637166	-0.09787041847103461	0.5368108463595531	-0.07726717922792616	-0.7910791841224492	0.8019462920798328	-0.22522144846259393	-1.1499624189836823	-0.018639988487977578	-0.27102340345573717	-0.5692385053112385	-1.518516333842808	-0.4460278582368425
1.3400803903356557	0.06813723668725465	0.6303717864041739	-0.21907834094681475	-0.3092525610733355	1.6571331106645433	1.019928908703409	1.1803848112717066	-0.9512137226765237	-0.4511394279545355	0.09909495198435728	1.722338474060894	0.03534642422078758	-0.2532258413388142	-0.9904892385338937	-2.111804629141674	0.5304308595993639	0.028585185926512612	-0.3206471184821187	0.15559339660688304	-1.7691038202251437	0.8423399905379677	-1.3731869430708652	0.3791614979918494	0.2538819057176301	1.3528586744644902	-1.188347489598968	1.6813927419875772	0.034315490707500396	0.44709301354678993	-1.349790357226983	-0.06033162482765797	1.166048145710576	1.0484847163026125	0.131802289093162	-1.8941183117710823	-0.24898221219131303	-0.73996652211591	1.6549311827760942
-0.2249915335481167	0.3894569072019101	0.7161005011368031	1.0142435349098715	1.5181468475114046	2.820159807123598	-0.15078768290596387	-1.0954944878927306	-0.9188339104938197	-0.44344215476749793	0.9609079495092806	0.8046177300435166	-0.08247645943787696	-1.2679215026413948	-0.6802185703965307	0.6513646318942258	0.15989703472788255	-1.9187229681708018	0.3287039379256406	0.4024970278559575	-2.213440916387588	-1.1553437886780817	-0.5972132205998875	0.3242308566667495	0.8523341034129364	0.009613669078277487	-0.27639362780360827	1.563254072070275	-2.4785445465178495	-0.18402293646730455	0.05820863804860272	0.18226034922333084	-0.25436072091951223	0.19692089309630678	0.47317869096269266	0.9998316447948822	-0.6062484257736508	-0.3826713391808578	-1.0458435615645618
-0.6494784295780617	-0.30993434364291744	-1.486372948089383	0.1516382371111215	0.34734912934320283	1.1156838537532248	-0.6303439689745637	0.37741467835669	0.9456830295568953	-0.7502430768455335	0.36838200531200727	0.7292870332369475	-0.4004655283565892	0.22479842785588244	-1.031808787105414	0.382669815963962	-0.2622635614441451	-0.11686564110311834	-0.23448256802331627	0.17090507051106377	-1.8279243535790863	0.1941847688679806	-0.12983875087197633	0.35964904392559743	-0.16650123386489893	-2.521698871055941	-0.9842991925580533	1.1523580952704253	-0.32514280148785013	-0.5334822902843965	1.2425048809438806	0.3264588705571835	0.45693736455098516	1.5221622573715616	-1.5571697722428406	0.9340207480359056	1.5542619636916675	-0.3488055673765812	1.2672340384046394
-1.2436028979127283	-0.2370403235424307	1.2065778678690489	0.49988310744209385	0.17831371310782348	-0.615580241012121	-0.08910619085319163	0.3798233312678711	-1.4297562374149722	0.7009916538074209	-0.5546414358922297	0.5455132961829039	-0.7285655743651579	-0.1760787489092045	-1.7467714927513318	0.09866810646332227	-1.0023219779810228	0.6647481833207874	0.0842137552078356	-0.5825670043274035	0.5184860493584659	0.1443044100752846	0.06310889579171672	-0.5645370687051638	0.32130544036200576	-0.9922000617092317	-0.8950389190506722	0.06603541740470786	-0.521011026261742	1.1162692116819648	0.5149465105625314	-0.05470956650916387	-0.4016564229147088	-1.4248453476960965	0.0006677982353954422	-0.15040348421852645	-1.0438687205894674	-0.4002446876182381	-0.6352839043004006
-0.48290111418893017	-0.29637707470417596	-0.29550028806806683	0.7034398396038168	0.3876326723943844	-0.018099297420675765	0.08885619480842724	-1.4031981336696426	1.0158972304339213	0.7022304268416852	-0.8628880227839804	0.689820683403289	0.6645763514200528	-0.8959101030734473	-0.14712722939910433	-1.4302128930906637	0.23680082392106672	0.10303237124454799	0.49608651602034615	-0.4135672595357015	0.9928042303429409	0.7358327034614067	-1.3348692223286525	-0.6002040856815298	-0.7521400866824891	-1.295346857380339	-0.6507588070988864	0.20720437671883607	-0.5043734352676558	0.5456003069356821	0.9234250918254786	-0.3991063210201994	-0.6206680785073739	0.10296348354027277	-0.7431524774382171	-0.7174841732351719	1.2638619458514995	-0.41946375085770926	-0.12969382137378882
-0.22167701009418833	-0.32641142379473265	0.29570536482318327	0.76261230643379	-0.7964005697437482	-1.358046731879307	-0.7201499805613046	1.2173829190411094	-0.7934781927422278	0.801463002194172	0.03816911574897472	0.9399815039858636	-0.4918039760174273	-0.3469801079049086	-0.32787046016277804	-1.2485754211005606	-0.22665282258862168	0.9076959129374034	0.33870269867032776	0.4226515370083544	1.1704786542191095	0.22779198212805776	-0.6025855446307666	-0.32132704772943066	0.4173911485434516	0.7201147055747696	-0.8173993118202129	0.7220174166734125	0.07594764843067657	0.3988592151062213	0.8200784609849603	-0.8495082321785046	-1.0050782791403747	-0.2547002883658725	0.23495504947831747	-0.5252878713164231	-0.6658498457685649	-0.34078663389324343	1.5362334377522149
-1.398280002499603	0.4972707909302637	0.5507847900117454	-0.37256434144881667	0.041140746697145146	-0.9630835378148609	-0.2676945503488414	-1.247018788065789	-0.7651561476365334	-0.7647016867799035	-0.6790444295906999	1.0611508860895666	0.3565932868518094	1.6554039825111313	-0.35724188839602167	1.2307187653397103	-0.6382651980704397	-0.6600198545284423	-1.4007506160765713	-1.323960370450172	1.8045070058742885	0.14305470894646297	-0.7927686335125321	-0.7665413400609492	0.442027450160607	0.16078393370416133	0.23427801157306047	1.0934251161230513	-0.5971171397612878	-0.3391969064337103	0.9268078889721763	-0.22606333339715434	-0.28278973610872604	-0.896160852179708	0.25226105929041515	0.5788331355170249	-1.35424875759898	0.7089156606317667	0.12204170800512078
-0.9440844400399143	0.3741145939603842	-0.9725271415701496	-0.732449462472639	0.1698842322752504	-0.7908616528840309	-0.31289643207294027	1.1827573704266972	0.17965622230922518	-2.371945881315667	-0.27943797225797185	0.37966269447430706	-0.6682757317392828	-0.7134569643294834	-1.3065864365090514	0.9053388920205196	0.12468945450686034	0.05896426730427799	0.10291741974020217	0.32259266289915933	1.0859620939266363	-0.2410234202892454	-1.8756795017934962	0.5893418998505858	-0.49285498234960845	-0.1948421563089727	-0.6770440421632677	-0.5894725278495251	-0.32089835815085255	0.350101244974382	-0.4962535933202316	-0.5923012007025852	0.5323807713925468	0.7391489065539838	-1.0578096328539426	0.9709137933035314	1.1481567451562875	-0.2604415597892803	-0.3648362130363263
-0.4133441710191837	0.6660534426337243	1.225946133093791	-0.16288167049136518	-0.4592600966705576	-0.7131687394805587	-0.764994707241726	-0.3176275255906922	0.1264836805558665	-0.22159475346690852	-0.8454039285364249	0.8687724565622932	-0.20968895783183816	-0.18085037154513847	-0.5411574574793377	1.756914443553688	-1.0220691760401037	-0.6460209428865932	0.8590923659246735	-0.13893023720398545	0.9649945459318892	0.5014194689575753	-0.8597726478591075	0.0973257516609937	0.40804269275477045	-1.183765209151345	-0.5174071060990425	-1.2487354996114162	0.07280658861591467	0.030884444742978096	-1.6578733839621838	0.14296420255562686	-0.15300583697720113	-0.06457398029997642	0.7920895427914356	0.6983404990055085	-0.7154793929776151	-0.17121160923061976	0.823853434387549
-0.1083061653692359	0.6422567291007747	-0.22739402841846296	-0.26039626458880377	0.6995581026380893	-0.07774319326849514	-0.5597053248270147	-1.2993991030520353	0.7318271382760737	0.017462652516398093	-0.180314745510427	0.7344113781704317	0.12997287185509426	0.1485298660834662	0.5427919795704574	-0.527773657492808	-0.61607651360908	-0.10082017829559609	0.5773504536253639	-0.17108281997539782	0.8902252020387004	0.9199819727374848	-1.394525348250397	-0.07818515483687455	0.5342811846300203	-0.21028039303322535	-0.18171172641980715	-0.1241445312559558	-1.3197953459737253	1.4890355531191635	-1.0750803865973722	-0.7964902126728163	1.0068325785212215	-0.49109382184912886	-0.01274049793019511	-1.0824922183684196	0.2836017576461828	-0.1669691074459436	-1.2074650529447684
-1.245080314358087	0.08344399075302389	-1.6925289425031411	0.1232422141981005	1.70430378502948	0.6082075487809926	-2.646643703028663	0.46912622820781175	0.43138627566345444	0.04118471123773833	-0.39128500353852635	0.323565326251286	-0.48825671202465204	-0.47121019332806413	1.6437375370711165	0.5464682005332513	0.3922633474084278	1.2279348548007467	0.8212298959056222	-1.8897023292658321	0.2239215352886209	1.0176070169941482	-0.9199593785394314	-0.44523256900033026	0.5624338411567011	1.6368733934853283	-1.2388228069847134	-0.292846299040222	-0.4005384880471881	-1.3702997069694085	-0.9339630299141509	0.13626420725616747	1.2481541069985098	-0.2404033043709334	-1.2802484110849046	2.324164189433288	0.9450394832879773	-0.62085728247418	1.155911547396131
-0.707310033194134	0.3928529874957667	1.1516144178189067	-0.22899356629489315	0.8631920607555876	-1.1622537466043326	-2.429000983400219	0.7485327397524889	-0.013148483792168151	-0.43826332829834536	-1.4079408661485833	1.909623743517517	-0.3406144489042653	1.439644979341088	0.48940137943942263	-0.901397039042816	-0.012113576787158442	1.1780428278797683	1.1715929042655133	-0.598286379174601	-0.9452737933448657	-0.7466593045161727	0.5946822147684867	0.7578911749905629	1.6195069208261075	2.426563523419632	-1.1036062610768287	0.459553839774701	2.8895728098056126	0.28664053042306004	0.20799138196621716	1.3461474412348315	-0.2039862754632708	0.38722318591981936	-0.22581296535820036	-0.9941090368162149	-1.339538981097664	-0.9747315615045176	-0.4784755817343426
-0.5890403129410097	1.3567333859965063	0.7703053193787821	0.48375630737663	0.09894574635161053	-2.008599689719054	-0.5959841376092162	-0.9822352120283556	-0.9926094708479671	0.8339199628371847	-1.1054993112845182	1.2901164216595034	-1.4779115258156894	0.03712425770162045	-0.5272208974521307	0.2815504201156761	0.8794066332711659	-0.1559400561946565	-0.9358024084128019	0.5341061293551551	-0.6996644775333007	-0.8946795516352235	-0.04031929147705899	0.088181813681563	-0.3166232552843577	0.29599748548798666	-0.537500749631549	1.253410535891437	-2.440096405067185	-0.49132567863566945	-0.5579601579083862	0.9440170067722915	-0.04392960041089436	1.8195581039921926	1.192357767417163	-1.0988337749173875	1.5794181158828906	-0.2693467390558966	-1.4544824780730292
-1.1734363265664827	0.9482732403530646	-1.2610046438622524	0.6780969406303738	-0.1820940015087204	-0.9502572746252214	-0.5161694343014782	-0.5759398498062183	0.901194275786212	1.2052883064889055	-1.5930154608881906	0.5769457580101244	-0.21866842439992104	0.01015898497906325	-1.2775909535811956	-0.9764073981595887	0.8072422475455973	-1.0699100076966923	-0.4665502518821882	-0.17728275161153068	-0.28057276002876574	-0.18998782246599633	0.4606301473060599	0.48323901729034074	-1.026384576318526	-0.10746804642140144	-1.1487003992588236	-0.2579654796142799	-1.296710078691764	-1.1334795466629866	1.1012096112179572	0.7966109984854144	0.8226175232226051	1.416313570523355	0.6274176092151772	0.6014709389391617	1.3601460425127707	-0.42812783446416863	1.1708291645327262
-0.44147770336905695	1.3250769676073932	0.35685419112257644	0.6813364508236416	-0.3383140561548145	1.4132517198820813	-0.07269736826418569	1.3271077598093748	-0.8763575693753552	0.4102421829583308	-1.1659209886103563	1.249100649281946	-1.4987262766065461	-0.7067490278554489	0.41716277622395564	-1.722333052769039	0.3512320125569373	0.933111815530877	0.2778474324074389	-0.7231920474556054	0.7847636340822322	-0.49053019045929225	0.2916132234517927	-0.13269667938236793	-0.5158469934827896	0.2189450166051698	-0.41101251909965963	-1.3305411189364806	-0.3818882787703499	-0.3901092417914348	1.3586144590700029	0.8518536087759719	-0.5390163262995812	-0.42118635666171683	0.8818438779953613	-0.40874840078718044	-1.5672752021078349	-0.1833113618554027	0.35602763453737396
-0.19525653325312603	0.5235823293687281	1.1487336847471805	0.8071052639776052	-0.7048678382388351	1.4860201910547448	-0.18164654337028563	-0.5692756627774374	-0.0878176235511754	-0.8374907532307081	-1.8204079890706744	-0.40438855245263183	-2.7424976264174856	-0.7929212251978104	1.1597186845497676	1.1927218150142784	1.369980840473749	-0.6739021585564413	0.7037162676912462	3.0210823363042993	-0.2737303380030741	2.631594967337607	0.3782748841103833	0.40319912157048604	0.005505051513852061	0.27327449305293944	-1.2030473584614294	-1.1451031032001777	1.1326744552243038	-0.07832820377336419	1.2995033444067066	0.4414368353177786	0.3233916846416803	-0.5295394473722286	-0.0020764779108108063	-1.3375698984287467	0.6094636109795056	-0.49375238387879916	-0.2835143874404092
0.9582022538754191	1.1366954863808654	-1.0004430653035918	0.01069642654270219	-1.2389626582014546	-0.8769095332267138	0.37076925410709904	-1.3443439166973223	-0.8695053087458634	1.4151085178505747	-0.7033166461042698	-1.1732817344967494	1.254142919517587	0.8935304729723781	0.2643205158295196	-1.006652052810281	-0.6854767709589721	-0.33112639573546193	2.109131030750806	0.0003246233200754779	-1.5277225082390689	0.44514448815302643	0.8235364583409478	-2.1071497439175206	2.9605760196341846	-0.6749533827647054	0.6922076350711796	-1.4783725223666846	0.19597040164826077	-0.49134966840893957	1.6384464594012913	0.5950883211685308	-1.6404942271189575	1.9796113018901618	-0.30865164945938167	-0.25082012294973344	-0.9215101313337516	1.0402429541182805	0.21264236011131857
0.9699811804538363	1.4492288072906914	-0.8806940555759579	-0.2348391064848239	-1.0421174786634155	0.5285666549996773	1.409930904454294	1.333319360696876	0.04732268544989203	0.7996816676768015	-0.2919970205268033	-0.2880167879169945	1.3642728870394287	-0.33488657895074386	0.056760804792333	0.7865603649511274	-0.5317498402477642	1.2097998381219692	0.38775457016975023	-0.27540902716800497	-0.12018152828835231	1.3453766736940356	-0.5307000376274084	0.3367996307056967	0.4610285953797225	1.6881763381297106	1.3728818397058653	0.15081193261652634	-0.630897365412165	-0.3355888083578747	1.8466838208179512	0.5462670904586986	-0.6734257430117584	1.1247192696001187	-1.2183085539163336	0.11312234554748944	0.2597203236031749	0.9642961971352494	-1.8973909359176515
0.28338429845066576	1.2691296364891733	1.2338005958045213	-0.853991232188472	-0.887742279785387	0.34736237216988153	0.8096367017880814	0.501614684262875	0.7366450426774456	-1.4901712157488667	0.23431637362480598	-0.7118879637160375	1.1312919389782783	-0.1910928180660636	0.0690635675032113	-1.0485464309506667	-0.2657352072786953	0.36514409311761203	-0.17603238126365905	0.7517326019851699	1.0081771262765384	0.43850450071468083	-0.6856001778278009	0.9391909735085803	0.759413707790332	0.17042056310778206	-0.1366165876288691	-0.3308844942878447	1.009063585900915	-0.9041374219255803	0.8784322631784784	0.13361010649871838	-0.12996658131203442	-0.8780438686084141	-1.3133058041576098	1.6173479585209993	1.0670744433515598	0.3708908990988083	1.1287830602424491
0.3707013959082596	1.234764283802862	-0.14278961319023895	-0.8190780014812237	-0.3962061191733405	0.1928114892380828	-0.150112710305108	-1.6988061119628957	0.3858144753362942	0.11539378778119595	1.3930867819287793	-0.16038608906338522	1.0327556196663188	-0.1857974704140136	-1.0612012136424738	-0.3420734669223875	-0.6364822525719531	0.3513587399075347	0.5439943644131042	-0.23498980226811073	0.7469282818329191	0.6071220386383827	-0.9060793146277781	-0.007412242514105278	0.9261157343445967	-0.5407138777372302	0.28306887590447444	-0.1165838381952414	1.1823129576862095	0.5333874889459383	-0.8957924531771896	-0.3584766746837954	0.4403039227963889	0.2825353732693271	-1.537416328634033	0.8940183253541881	-1.268626645739287	0.5116411662289617	-0.28242593512845376
0.6890096374505262	1.4418550139973803	-0.9232906682564725	-0.47252914594258705	0.3019681395991608	0.9281043463830135	0.07752721420623696	1.194760666132308	0.22144910286708305	0.9762231137964793	0.9072173112785482	-0.4114571188676325	0.8977712633373068	-0.26123103522390745	-1.025900359344523	0.6569293134315222	-0.16054976793518402	0.8265627624578609	-1.1059863400232115	-0.05900970863186642	-0.029905622280084674	0.2754619153907769	-1.4589925181266243	0.35257020049891885	0.4875955518097075	0.679908989798007	0.39764454873295413	-0.5638700947694407	0.8036482220179646	0.17690604934945106	-0.88265424115671	-0.7284986578197146	-0.9003224248893675	-1.3677897061800308	0.31120687902496535	0.3005983543841551	0.7509387981610633	0.38221357643491854	-1.1881848092061824
0.3795557760520536	1.1724162212263194	1.1619427409072034	-0.28435856279381094	-0.3968256272593242	0.46769464316803744	0.056452886310642304	0.0146517161170802	-0.23279810899616227	0.5323035336307799	0.4666494380558338	-1.2589633264404616	0.8701287029814655	-0.3571653584663208	-0.7781260724577026	1.0786175974166805	-0.35313484265192324	0.26427933357883576	-2.2148199511740416	0.46777068315785475	-0.038002810070834114	0.027557025993668584	-0.36906446605263044	0.7121814461598509	0.8618081896382686	0.5261703560091586	-0.44435070334840093	-0.3530960505083211	1.7741927229816907	-0.17742192914697066	-1.0319641895445537	-1.2090112403312139	-0.8710602689244261	-0.929024752057493	-0.4971421442016264	0.16672237851555063	0.8377285672681709	0.12299897145013738	1.1685782329599284
0.2917517731380145	1.3500865367541488	-0.9257962101492868	1.184491176082662	-2.339993724442333	0.8933176886843561	0.1424877460933358	-0.9834678195560458	1.7805319267070472	0.47520153186901715	2.0988482332880727	0.11636348932146058	-1.0051317054733484	3.7277453521606505	0.7745289045983206	-0.7213078846556522	0.6340099651168758	0.2378331991078664	-0.9506200103757534	0.2923321043475045	-0.3128823297004785	-1.2929362440388514	-0.3236545915168877	1.6478012829269977	0.8081612771715635	-0.5273697187079442	-0.726003234688503	-0.33416619513050605	-0.08288026558189203	-1.1628324152294836	-1.130801453474667	1.1471468900069517	-3.346894325933479	-0.2903466627994977	0.5729153382001656	0.934664883843962	-0.5055080303697672	-1.5414417141053471	-1.4545473273203449
-0.7390041192142841	1.189414427346683	-0.9438090379037144	0.025442510525844248	1.0312362458349915	1.5546073612305165	-0.1546081621029134	0.8720428799085129	-0.4847201313882089	1.456653210575479	-0.08350438148034645	0.2304920561672997	1.0748998474068991	1.5579675952337295	0.23860988528461585	0.10164912342845583	0.9216092098674586	-1.0592442005121148	-1.5188807906564208	-0.4622232328689725	-0.5271267803883068	0.8001264386354809	-0.04106024335106089	0.8748584035520603	-0.9309184473036435	-0.9606252256224397	-0.5713655348324288	0.42944714344822954	0.6836204973063614	0.42782950181242324	-0.2440855467951489	1.1780321952941135	1.1824424476595108	0.3630314375247457	-1.483681737615714	-2.086948857964091	0.053082816297949066	0.047673824873002174	1.989145076585266
-0.08247223332119917	1.0374295680144319	0.7656940252993397	0.20216416517151717	0.7579462370292938	0.29115439952045513	-0.009464715581558591	1.3043192675613058	-0.5431820347398667	0.08284684224954983	2.201012271042767	-0.47206387060422406	0.7610852171885997	-0.7025123862580047	-0.8786953825724033	-0.8760537042424277	0.2679668876545519	-2.1969951911230976	-1.6340111077050525	0.20453587006006485	-0.22031722356897854	-0.6408850010050167	0.0467763446453325	0.6919581998282395	0.4971590239546155	-0.8852526121003924	-0.6087900939318555	0.0723520190396031	-0.9635902622434604	-0.13597146147489594	0.6444682386675123	0.12409417950821713	-0.6654927764070656	-1.0738376684460835	-0.20381459252552975	-1.1732211318904853	-0.9404487035875252	-0.43063837647957587	-1.1157768263088956
0.6667593033504983	1.5883445354891317	0.9031103105867511	0.6602651251909417	3.7049293192521557	0.11733502284556739	0.2867279004516165	-0.23161506550673117	0.24378368721658925	-1.1433955591553393	0.08995776595421706	-0.10399668063573098	3.611888791991074	0.3539176970423741	0.3075658406282976	1.4098418333141851	0.5095454742010656	0.9139657396986748	0.33320783362040357	-0.520312765896632	0.6809430145944133	-0.8228217763041488	0.08027817648884698	-0.7247798363397894	-1.913194742780279	-0.16339873448856923	-0.4392649012896696	0.6167059774355682	0.060781103322166845	-0.3998129301695766	1.4230544202310231	0.631020834081901	-1.8347416584557663	-0.12486555710767769	0.2902304522092645	-1.6391835824914271	1.2859018558682571	-0.685784377147355	1.9802701106901326
-0.1199256021732342	1.257355054344322	-0.5843059297202249	0.04949932080799458	0.09537564529754766	-0.9856151712383775	0.13632035920517022	-1.4265883213352475	-0.35120081274823184	0.7393844664407042	2.39127526122952	0.016379214113150478	-1.4368766024363024	-2.0334242107652343	-0.6317959513531264	-0.581767186537294	0.003981989390020574	-0.13992610645771575	1.443081436367225	0.0760466474887461	0.868393358585393	-1.1397233763349468	-0.4137110947126243	-0.1222576843467775	-0.07061703408904066	-0.6000684458027686	-0.4441240887616864	1.3911408853002587	-0.07575150534042989	-0.08910736727971405	0.9501435864834279	-0.296411150395398	0.3430489112900021	-0.04538963631924937	-1.767576454248363	-0.7610427976475966	-1.5455224472533466	-0.6484545590760121	-0.9452056434490816
-0.27748832266838586	0.6968864217745545	-1.0139929866592894	0.27135995210211084	0.8001657205512575	-1.3876603680788682	0.2542089514743025	1.0794395126516347	0.9013471129485459	1.097858319316617	0.11038559120024823	0.05656131154587989	-0.16878388052708143	0.2888606291327127	0.18941188831672826	0.22536861684012188	0.7280448588157307	-0.26402395869628603	0.4005723860548268	0.4008433735272583	0.8662997930924166	-0.8567225502442487	-0.9373433031935154	0.3040052947392265	-0.8237047850493635	-0.15586542547883722	-0.22766351624523085	0.22045893403250993	-0.20060331642926496	-1.041103269934657	0.9556970160288101	-0.06165927381115723	-0.09102527397422217	-0.960908790156709	-1.4276202989491975	0.12877070561528134	1.2349961166588255	0.3778230221658492	0.292603587571931
-0.14577767058256802	0.608652828788309	1.2301203170737967	0.32598592444870195	-0.8858525375713459	-0.8728559985603559	1.1365505615178693	-0.21194547681874495	1.400638450404909	1.4080687439712103	-0.4562016901094535	-0.6370538992322284	-0.012143400190078243	-0.1846097333579809	0.9946459513364458	1.5385756612724868	0.18179294049632713	-0.309624631817444	0.06724081327069945	2.041567357188476	0.2510263355997098	0.7548025714689091	0.09152872106631268	1.190825417138433	-0.14025115780727657	2.3709907056317125	-0.3339048632489565	0.5292196321266857	0.23955714820993146	-0.05233598552972117	1.06415177606105	-1.2363728837973111	0.5537130992971803	-0.5338796980301547	-0.9526674716304239	-0.11233078476531355	-1.1528082399600887	0.6952827900403781	1.4556965628836833
0.7496717479700589	1.233000470182274	-1.4588998644228963	-0.24897942898961942	-0.7562031104692305	-0.687085703416612	1.190253378515221	-0.9067098111370483	0.5410407903887924	-0.38050680548889737	-0.43340111959593697	-0.881101532406672	-0.3722526592989501	2.0213971739979466	1.5183580526061085	-0.5977490241178964	-0.4841752804259937	0.9669892880643839	-0.9809440279689854	0.09298852224844087	0.39469111197612455	-0.42064980486944353	0.011337660833020425	-0.42173732853375473	-0.18961500482805788	-1.1197911430558904	0.2177412098497584	0.627528926287502	0.590619200121651	-0.2188669720724548	1.1090422876051962	-1.1225220974374348	1.763364754177216	0.2496266497556958	-1.076889380632776	-0.8002286326785384	-0.9143669003909001	0.2782482780494216	0.5057445018082433
1.0548095924359941	1.2979255739634925	0.9631988026974165	-0.23333511681357513	1.045983400911613	-0.5883803606905477	-0.5749227073597609	1.2936948026439548	0.4224268862619443	-0.5034009108447423	-0.030797404271343712	-0.9517734078381286	-0.15824445227078238	1.247866332909968	-0.5159720481645219	-1.0379537313324867	-0.513320926597512	-0.605937351002536	-0.9192952479690024	0.3849409297666453	1.399363647579148	-0.358852808742946	-0.14687777826149914	-0.08855277741774635	0.006615428064671728	0.49642540779607364	0.42421984824143	-0.487146571033702	-0.048679629466629674	-0.012301810752015209	-0.7235441359284919	0.3624210922723047	1.5839461755749742	2.4192946364731194	-1.0010049174256805	1.349680856773359	-0.4855959351699735	0.6428740269562344	-2.030498575644058
0.9116047933581414	1.120090308291528	0.9269573183333263	0.14471138432420744	0.5636790576259004	0.04062383273958262	-0.968981267313523	-1.111054059672443	-0.7362958021250197	0.9084062425547944	-0.2282313701140836	-0.9623074738697633	-0.9244589968923008	0.2564563050941479	0.46353547579087506	-0.31090283669255486	0.19835598784160718	1.0260637067980465	-0.9312975886610527	0.9983769788306585	0.2781903485416722	-1.0209269272944945	-0.6876412947433657	0.18306329269625388	-1.2624493349831496	-0.010743714256643225	0.36807177121899626	-0.7232920524802404	0.8738703314502042	-0.924007409896918	-1.246315897283313	-0.790801027434746	0.42699531237564103	-0.32032195021523624	-0.052498214876076324	-0.2847467179743145	1.2127079690864158	0.910049571231998	0.017069721200125593
0.6687913761503632	1.4022633293330151	-1.5819696916928898	-0.5286610819179577	-0.42441397632593025	0.03555263429604088	-1.3886967725673072	-0.2697926107973636	-0.757490589602832	1.3139745096052544	-0.9821691927817318	-0.9401378150723176	-0.7705021226512023	-0.7619801913699131	1.6011555954429082	-0.5186084992639441	-0.8103444520545127	0.7461800501984976	-1.9527223927717694	0.43947254078368164	-0.5309617385203083	-0.9146695773038513	0.6531623165168984	-0.7836076574173636	-0.36643874599567805	0.24869198641269366	0.15676913811664925	-1.141755280201306	1.0449955064787995	-0.9257189753642225	-0.7021512504477373	-0.7480660288199629	1.0252471545778168	0.9861419422549537	0.25038993394076275	1.1256811284206014	-0.8704236803386354	0.5079438608629163	0.6106406772222915
0.3489956683547271	0.23091813974064132	0.9900316063435227	0.06812878862236828	0.18860436127520097	-0.862020599650111	-0.9333335587195165	1.2315437734429369	2.0019227733206084	0.030615827809100698	-0.30805063858091325	-0.9961711174335712	1.5886963010304673	-1.346024879685306	1.8548451406179771	-1.2298555526679413	1.533095272840213	0.6852858504948893	-0.8870091098785933	-0.6136870808994461	-1.94217874508656	1.7935141525218574	-0.4706996811922367	-3.3835697877900373	-1.4880489532591121	-0.36508758871248925	-0.049123764355322265	-0.662128456703333	1.3394370134009987	-0.8863431309129113	-0.5183842640370403	0.5357750277941764	0.34060801408370844	0.7509760397502796	0.45942466602958354	1.0014596323414524	-1.2650001741440988	0.3304645250617053	-0.8067085777198372
0.33795146574224927	0.6534230779966215	0.7012454038044836	0.015471750860185771	0.3952582397329007	-2.377332541238533	0.8681856431914552	-0.855136915092037	-1.0098600026856666	-0.14614364304122746	1.047221296356116	1.0021993692430438	-0.3909008099539057	-0.7374853887032677	0.899096257159007	1.5254504147997672	-0.3123961595634623	0.3578474922031385	-0.05030548572701783	-0.17679249559068158	-2.351687882412546	-1.6327575930654556	0.6726623316798006	-0.31978849359805817	1.0034748779299214	-1.8748987307489402	0.8188654694595132	-0.729884701377803	2.1069798167296194	-0.6070545372773497	0.4011201908755904	0.9385654124766256	1.2070814399876177	-0.7362333748987306	-0.25477216826593935	0.19138564404627348	-1.3662165730097533	0.2967714520108226	0.11638430600932857
0.4219779566194592	-0.10140451660112172	-0.05309143973729139	-0.44022770114953835	-1.4869910305777267	-1.5107718211424048	-3.5837766268558915	-1.2386995586558456	1.938668664167551	-1.56187398808598	0.13168145005266157	0.128664101536078	1.0063344000472214	-0.7614505868105919	0.07754206876616761	-0.10314088389862379	0.6167686757038787	-0.903388764049976	-0.7627810399370732	-0.22863579347111068	-1.9642628668676676	0.2584471281162578	0.006624222251564737	0.7980007480858398	0.33242259603136315	0.35919621727781115	0.044740970662494585	-1.998295125089212	-2.25920501948642	0.6108242896280847	0.3622768882129936	-0.2591623366782209	0.4486247710179653	-2.3577831453700435	-0.4695487735959324	-3.107773597446519	0.8199486437817626	1.3339412082005622	-0.8202854743259791
0.8353155780747418	0.207169210337656	0.2595260483851834	0.3856330754131446	0.8847185954703614	-0.931859185947777	0.7034628932322411	-0.6628556209938471	1.0522518526081703	0.8253764367305183	0.09373094931507356	0.41491654098247066	-1.141295329939022	-0.3662168502368762	1.7216653098980572	0.820963264416923	0.017112461990324592	1.5048030067308886	-0.19351884735276184	0.4276109358384437	-2.234082434403166	-0.33286563807211084	0.8995401745029218	0.7590120629277655	-0.4398089748013308	-0.5747433155507881	-0.34638791712454425	-0.6634975861927339	-2.02372537442427	3.984969522387684	0.7243682933521345	-0.1202055020341638	0.38233371265589716	-1.2145627320198868	0.1908464631970007	2.23050389675293	-1.0520819596823086	0.37846420867149005	1.419973902850476
-0.025354598213410542	-0.0483633189486377	0.03738459989449919	0.4840672088710172	-0.48388655108720546	0.6409502365713405	-1.3285874733139877	-1.274520235914293	-1.6515005937319889	0.9376190143760539	-1.2016079535079436	-0.2855412616478085	0.5584367554700203	-0.913671958805145	1.1128265922373954	0.17872151337008635	0.2801344032866761	-0.4269413513693149	-1.4563461776395095	-0.14071657176579383	-1.0602326448623647	-0.8945359217879885	0.9285927858845865	0.28747185162851757	0.04413132238903357	0.5752308453253194	-0.0782464007306839	1.1864535986963516	1.35128328999006	4.288150512978496	0.6515403347813686	0.34527723904359553	-0.5179298034873612	-0.31054649555619357	-1.4710647618244677	1.0096172094462275	0.6969171806540448	0.5314297599480451	-1.373930436750882
0.27165303817505854	0.2799371381589509	-0.8248067348875251	0.84177740128408	-0.6640877678698819	0.25664269488999203	-1.079473981436415	0.9568752133657777	-0.6910252049647345	1.753555734760146	-0.18996050858237554	0.2767420122428056	0.43245279327959874	-0.13204381631328332	1.8415165576936876	-0.44448981029428686	1.2004694849323074	-1.8885070581133838	-0.526032169144981	0.3173877399751323	-0.10394968058982436	-0.4606731098908393	0.7730352372468964	-0.26827547929918033	-0.9663610309024243	-0.2206783590337119	0.2601034637725305	1.5699014360502834	1.779537752249914	-0.5194244401834083	1.1577855185870143	1.1013537593434608	-0.5516139888192643	-1.1983556907445199	0.2880034635993856	2.393209411644141	1.7542753754230163	0.5714505372675982	1.0988653677020888
0.2268159572688224	0.12227820597412689	0.050147181905309764	0.5969184253880425	-1.210777546220043	0.6555600148732521	-0.9969683290424652	1.1683095120747162	-0.7370097147656537	0.22710384081593468	1.1622222656531993	0.5396472630342055	0.16255578075127414	0.10068107302495959	1.6311315300213014	-0.4878039800600774	-0.08363789326319367	-1.1922954755227402	0.0798931625577025	-0.27385071221352164	-0.4529435281643123	0.4388808400298401	1.3432517874732375	-0.018716324992202153	-0.0024918973041334184	-1.2103863525549843	0.460137455313921	0.2511766473207622	0.5030537996785811	-1.3755962711615424	1.6151702831754835	0.41633863551341765	1.7158238206687866	-1.4835939441314667	-1.1017137752325203	-0.736072120821425	-1.9056619691597356	0.677579142424561	-0.7926502535455474
0.23132884294210684	0.9232419323247101	1.1076542020009987	-0.0357891921004987	-0.27979921085019777	-0.2836547159876808	0.17002051863998652	0.9301503548650336	-1.431453785215638	-0.9303570746093173	0.2296875497579587	0.23551765801802899	0.3220990442483977	2.011662221085235	1.401014959029816	-0.9465733949407464	-0.6439336532227357	0.6723821667147182	0.01020687087521416	-0.36648591089705285	0.4835574849718005	0.8085561460819597	1.2690485514866034	-1.2962408077902232	0.31387463250135006	-1.0721607962154684	0.4689428421319146	1.87650551474358	-1.4100240648041102	0.8626320519261587	1.0742191693414749	-0.514742940186171	0.9159540390326384	-1.5755967545643192	-0.4534847320877759	-0.3139494954418845	0.5618995893265003	0.05697608833060283	-1.0770079112196023
0.3412546446200173	0.6500488137355542	0.37552091295443507	0.16927740367783894	0.02330269235062771	-0.4284602443764413	0.21642560568504443	-1.375852656984834	-1.8795667805360765	-1.6842197912622388	0.6019496762440355	-0.4219147097853311	0.5278449201138765	-0.022373167139501764	-0.5435001115965302	-0.45487367032808407	0.7987399873008776	-0.7217714813103535	1.1139664050338063	0.42405129268168135	1.1335584254351214	-0.34333741490478525	0.03245966644807412	0.4443480971141633	-0.31021537708853364	0.9427838224035879	0.011685056431746272	0.6238727388676187	-0.37729453822100506	-0.5453187925400205	-0.7957922515399004	-0.9342365452235303	0.012780788440557767	-0.9894862011972949	-1.0305804171361717	1.4601699254871165	1.8543391309246269	0.5878266403453741	-0.6292644124861684
0.5340154134150925	0.6908084042005466	-1.2667200358577166	0.7720704186177577	-0.31104953918568606	-0.48171897237653627	0.2695740553003098	1.0592998672738463	-1.1840918323497782	-0.10061320147629074	-0.15942357317221806	-0.3470518429757211	-0.30758977875030497	0.3589514047180072	0.2615488215085643	-0.08113488373884027	0.4904219732227075	-0.7602086332254796	2.159725856585951	0.6543754169702936	0.5999572698651873	0.1009143299841822	0.5741438759495825	0.7796910588050991	-0.2918630626109331	0.7341711923072739	0.03252616849424144	-0.3293558987998896	0.6754903727831416	-0.1408385440134801	-1.2755184381605666	-1.2636393016400012	0.08308008886694476	-1.5200459132295951	-1.0531601220686737	0.46546597292463104	0.04830789635587469	0.6100874334952263	1.5344508259030225
1.2172699803620943	0.5797044002976396	1.1184373891422914	0.4237376260679591	-0.2374218227004585	-0.5611248851285624	0.7714081756083541	0.5636358179737828	0.8555508968784162	-0.27172922722413984	-0.498569580713915	-0.3762309823826536	0.4120596462803272	0.86781026330469	0.4382776809854015	0.524066016380726	-0.3288604393190798	-2.359061898374374	1.937931597854747	-0.13741853223023995	-1.2190009944595683	0.010189024426834734	1.3195333822592572	-0.8185760998423252	0.04506034963290003	0.5917976655648337	0.44841550216837217	0.4110302087794598	0.8838319622654018	-1.0761551895218677	-0.9890875731970209	-1.5414232589928691	0.206891477211466	0.3737039651653627	-0.6195729390959436	1.034521219613567	-0.9988671615653315	0.2562210756845643	-1.1320851333289357
0.7671195824247784	0.0664088939898124	0.6477985357142418	0.793281409095947	1.3686123728135844	-1.2797561753809992	1.8703330392120163	-1.0571550669356202	-1.6980112257404858	-0.6257207382244369	0.6616377849786126	-0.9915362539020881	-1.8940837364381458	0.42410253575232737	0.5056051873721218	0.4409788434555212	1.3160925241317365	-0.02582422076978263	-0.01643078674330859	-3.0122186252093286	-1.5224963979355939	4.4214695883311865	0.31787587081934415	0.7456545347148542	-0.8676473139833427	0.3518865053019153	0.08572022371416291	-0.6854889765954078	0.8618357938279778	-0.560943179615558	-0.5579606482733278	-0.617667781954674	-0.4518610157486999	-0.582885241041152	0.466289935761134	-0.01652327702134088	1.4950561243272489	-0.05235809966483893	-0.19405753448600704
1.2303320539993625	0.119242362511206	-1.6041820726064915	0.7993115041270602	0.46223401431260397	-1.3116971758883094	1.9867763007104797	-0.7976765533047894	-0.5816927701452604	0.024418443797541056	-1.4437904123571432	1.3002287782564776	1.4683609737438958	-2.0513720741947994	1.6244435229026095	-1.1775534095606408	0.5138791531183009	0.7788797745534846	-0.22632195632330568	-0.02022147974605157	0.6487568240808003	0.39728838315319664	1.9672625299176363	1.2289037166399037	2.6358687674567585	-0.615731164296346	0.059463743621233245	-1.3081279165083248	0.48923851615482095	-0.7529677330501907	-0.7986182508207467	0.8513922936905094	1.9039571861440345	0.3333157082900655	0.4672918687768039	0.24295569184101976	-0.502600655032867	-2.385777238754701	-0.25778371897080626
-0.2602339282334949	-0.5812810953429198	-0.3578190149945845	0.850442204249738	0.7737181692828379	-0.2687292780422885	1.900964690374724	1.4840043159157594	0.5577189414946122	0.020205849735692376	0.47814896283032415	-0.31183853159782676	-0.04972931824298693	-0.7610227771150133	-0.975982738330509	1.141466269528289	2.018495184863611	0.9585829251695069	-0.8262708103958742	-0.3079762550213388	0.16086220232470022	-1.583071552533915	0.7775055794614312	-0.49415284738598747	1.2692706561486957	2.202479510279855	0.8459442458932201	-1.4685686252983496	-1.001605072016594	0.7190184184468409	0.7049401078174518	-0.10694683532445554	1.1903784010451468	-0.02495627468545804	0.6473698008271452	-0.3173967464154572	0.64990789422304	-0.12077141379436634	-1.391822119577923
1.7481546275819526	-0.6955692965362484	1.2379767666593848	0.7792296953351711	-1.2822513015305452	0.568507427516556	-0.9211801291606223	-0.08887759203450224	0.6171936368655903	0.740123332785249	-0.4276763051604404	0.7695349586787443	0.5234726534991812	0.4514825253038775	-1.8388992357756795	2.1080440528247233	0.567313139225847	2.1617702282137614	-0.09299461433102649	-0.23078019539355812	0.17458178143809422	0.9113353717603139	2.7463547618220483	0.40714035694466505	-0.4283248524484908	-0.4518167352708017	0.17380080456352223	0.10202365446533716	-0.48921073594816267	0.004802802018276041	0.35522810320273007	-0.05824412770403171	0.41156003424220716	0.5862531176471015	-0.6435950616703843	0.892761765375059	-0.11444787419843397	-0.6008462464413525	1.5904722306143266
0.5947312785932091	-0.6896680023219137	-0.9107039398663189	1.401466356610757	-0.03066948850539611	-0.2845235778914749	-0.8311486044973563	-1.0910076754791191	0.13348661003755657	1.0849852512614255	0.0964738070204616	-0.1418477118195897	1.1400718152567768	-0.621146525463854	-1.7509101931736424	0.21616515502827194	1.0137813728549967	0.03435436677092342	0.08088371271623122	-1.2130018491700074	1.1336058212468099	0.06139824569843525	1.4895716437575153	-0.8491319969949105	-0.30278204737466	-0.8572898047877001	0.2763386296944921	0.19246505835033548	0.9713354438748619	1.083724414290471	0.7067622004884128	-1.0589614820743742	-0.10889033617326156	0.3708321113185141	0.012479366553377247	-0.044443148253636065	-0.07493372043586267	-0.8991544318462827	-1.6609529265612297
1.4850577685142783	-0.8223174212315724	-0.5329841240793501	1.0601169611165282	-0.3639608425399155	-1.0233669975563777	-0.8551061362692869	1.3126339530761237	-0.2786532297960366	1.0191899297324942	1.0926196543383317	0.39922995973563213	0.6567639118901547	-1.0376486221029102	-0.19648987051055092	-0.7076835296922086	1.797687625886189	-0.28232902808825194	-0.5313907963946537	-0.04818270202388671	1.0915495008694713	-0.9079571699083115	0.9534648537895878	0.08092207391781414	-0.025079443150652896	-1.1882390563627265	0.39087604635826456	0.961112011854443	0.0202079311712266	-0.6972991056956	0.4074334844773203	-1.6057607818221422	-0.65315207390093	-1.248339668815609	1.410957897138504	-0.1057015254622566	1.1782153999537748	-0.6576402119363295	0.9400566763328603
1.0002381187535414	-0.8184790763966243	0.7958032015428311	1.2796099325406813	-0.5626200720953821	-0.6582503074164153	-1.35233499332103	-0.8729887862956202	-1.0753246519553459	1.5162931707864116	0.9587385243374044	0.4590593133991872	-0.16105954359290675	0.879889189248065	0.03677111743914751	1.5601421636809318	0.9618240720520536	1.1340707252348854	-0.6060048139242779	-0.2833232201260599	1.6035785752687877	0.14507481953093943	1.2184982088741456	-0.0047129583533592955	-0.22845712139252528	-0.02973486924083773	0.6322648409243602	1.0747281974563043	-0.3828743613586251	-1.4961333364392115	0.40454839699184597	-1.8833671850754587	1.081849755241195	0.10981511137072077	0.15546320223106555	0.9292768217265936	-1.1551477077142631	-1.0944356470199417	-0.06747369514501111
0.3769658114023749	-0.4511777728081658	-1.5352604583668161	1.234180481741669	1.965689050457468	-0.9096877710646504	-0.23550985354448858	-0.2635711961628242	1.3915309939362301	-0.17254910599560577	0.13441183847764013	-0.680106382083478	0.02451939259584222	0.9271017835329582	-0.31293885188638493	0.5211086215494383	0.7277571155775447	-1.931305185122272	-1.3106798618806468	1.2146563104750554	1.242640121813206	0.23088940390588764	1.1862853113443503	2.082187695837864	-0.967215001833526	1.4207144740170643	1.2306588305538078	0.9761476182788827	1.340596487624077	-0.17470650748528244	1.3501142312412895	-2.3371873789563935	0.9868124151274604	0.11034217979080632	1.5470109074725118	-0.21894422126085278	0.4252738742586257	-0.9872176875689547	-1.3548065974076242
0.033797118666824395	-0.18362139100408148	0.7694009536780639	0.3929327014403945	-0.6200854431850882	0.15379265389698601	0.19200697149924356	0.7636557653394359	0.160897276396434	-2.187919380800526	-0.05241205924871794	-1.4072386119136073	0.15920137124183278	0.5215126188239786	-0.2505611816443285	-2.6378876147326498	1.187145266985714	0.6159652772886274	-0.5354074145856906	0.13047027321041213	1.3638986831362847	0.09037314281796525	1.3037368496959554	0.08846370366689184	-0.3710941241349796	-0.14567123668534773	1.3949046408027455	0.04522275641445676	0.15397808781996541	0.5963235765697746	0.28367845213604576	-1.9838121979181393	-0.4161214772227185	1.5445210332067527	0.9502697509944913	0.5849492946257314	0.1692532736088886	-0.4310112431126584	1.7333378682362859
-0.6912372339475586	-0.28987671210924876	0.3584920730137691	0.4872211851307451	0.4903994900150733	1.3774158017930507	-0.6806855765272213	-1.425946230909478	0.031097683802156554	-1.7305829079712705	0.28633954319551796	-1.0919117883597191	-0.9158552734105584	0.0348517717529732	0.1746699562767695	0.29619184673480714	1.0951835896057573	-0.08670802418643164	1.1932948011507	0.036294464999540026	0.9252446017458262	-0.2659307209888236	1.1039115009921505	0.22849413037086072	-0.028669961756526658	0.18038528289546563	1.947070436353904	-1.1084826351031787	0.40993560990173905	0.43102577950616033	-1.0567461892669416	-1.5755184212618811	-0.9729977705636965	1.5768775173194753	0.7450887957558426	0.7542333369479913	-1.653280534631803	-0.40801082939255684	0.4782950587478257
-0.4686259086527807	-0.33887872138140274	-1.5240548465633346	0.12092433258663646	0.23044308460040103	1.8940055935593387	-0.7476732684718999	0.6690035393212738	0.7462703094587576	-0.2574156526124757	-0.6295066244057304	-0.9742207652276615	-0.8119137234625096	0.14786187290820432	1.5933327994655253	0.8054957150758768	0.8797907317767684	1.030863569808364	1.6477535708407045	0.15212467228741014	-0.5973083538627981	0.016266841547063433	1.0627789102654697	0.13547513957176952	-0.09482046704774548	-0.9026456958192953	2.0908833343446713	-0.6112070448224824	0.8652330102064333	0.32867906064804436	-0.9271843444765171	-1.7996589565527894	-1.7880298409147026	1.6365404109789343	1.0196995743030586	-0.050187999161468405	-0.34218393635954014	-0.9365043340522292	-0.376691080703402
-6.428947288642513	-0.7288165720696927	1.2290346937479113	-0.1153049056218831	-1.112005761615096	0.70906121052865	1.1346731434255137	0.7395555811681817	0.4563760905607381	0.4458182959446108	0.7899583913825122	-1.584055725052095	1.3634442350683589	-0.2681858109202397	0.4337509438636001	-0.7162220785459492	0.4411157855810112	1.3195154835044567	0.3089816590057315	0.1566960531518273	-1.206959591454678	0.3271007356730928	1.3192888100151445	-0.35551862445677046	0.579064647446427	0.021275275388016	1.9058677902477532	-0.18859487831264413	0.46632226667496346	-0.7382028109983273	-0.5511132367451079	-2.4277581637887953	0.304807034571976	0.15415823786151453	0.41571621761702343	-0.39169251688042056	0.5507126879836327	-1.0646470330597384	-1.1567435281211937
-0.4475828333625375	-0.6922662882838301	1.1729766834314446	-1.834026557538267	-2.73417877489273	-0.08143784367508232	0.05026555247111151	0.1714762978765369	-0.5287653563040056	-0.41390943028101224	2.6639617019569735	-1.4355108866489594	1.756788075154134	0.7962989322921951	0.7609020978479092	0.4561860687166827	1.9167390348868405	-0.8510085923772673	1.85347617069697	0.7018349078473821	0.43400961837909946	0.3809980425774364	0.4436846710251303	0.20186722919467417	-3.376611890713118	0.43498161381660244	0.9284692776103062	-1.4824196992142362	-0.3890059912493364	1.535374922277642	-0.988513185247426	2.310143319045758	0.3583943548098676	0.6716626883478507	1.253142519212691	0.6362748576767853	0.7027312012443075	-4.222950913133892	0.17975134050281413
-0.25468347905249744	-0.6829130811801741	-0.07422481936402367	-1.291005447460734	0.9740206730626558	-0.3790306407655791	-0.16562345718712665	-1.1402343417777665	1.5381770645840531	0.7883088478104318	2.297985759780537	-1.5067882625505626	-2.444433339257239	0.07320843160456955	-0.08625047527961552	0.6081778014784156	0.8541349466990144	-1.3260848489761945	-0.2901058816006615	-0.669521661270197	1.1415312711444863	0.8569097082481804	1.7279663573709958	-4.722038943882686	3.1289530273988664	2.036484998875259	2.912643356714188	1.1710460799101021	-0.5414599664868794	0.9257617999539788	-0.6072539431560349	1.2998048852534603	0.15694181071225358	-0.167479442372788	0.15145121194084926	-1.5125509418585545	0.419697219860028	-1.563297536841908	1.72989964942411
0.2969759902382309	-2.1805056003851053	-1.6985397223121985	-4.8182297587860905	0.7531049300144975	-0.270486835284431	-0.005817622589770086	0.3781781849846081	-1.4806781810777492	0.14925273503525122	-1.7651103455416381	-2.2802734723646054	0.07700627866756332	-0.17689549156268505	-0.8795690189735907	1.0444822772566287	2.364261803390818	1.7680922737872706	0.4098677592644955	0.909359747989528	0.11023774383174692	-0.1014518449421077	0.6140153210452018	0.6072726048195962	-0.31541786367778496	0.027650700094066075	1.7195455820165337	2.2337106922521603	-1.6353045019588752	-1.0616042168955715	0.1908431090161068	-0.08454107846927315	-1.166865760514721	-0.20441487630585192	0.6502750629531765	-0.420734793837233	-0.5679547569133406	-2.222258576901384	-0.4632510632219023
0.010143463699906352	-1.9241556154112447	1.3688812217709547	-2.35463478183739	1.8792091947258134	-0.2624505631850232	0.21633020830917393	0.5501267757930792	1.7742723773328384	1.7208457916676823	-1.9292464816418609	-1.335604512668436	-1.6489476094073088	-0.10675781457395103	-1.8139191574956395	-1.8936510888380886	0.45527120010503097	-1.230114889010319	-0.10430575041553897	0.16866784109721436	0.22003815627896922	-0.4002277169121132	1.0115538615496351	0.7618184211036004	-0.08120226469989761	-0.3850034160160566	3.1413459740774488	-0.5146059147551754	-0.08618699123308494	-0.2986196110557977	0.5922578906494816	-0.7277841825482444	-1.113863383403565	-1.6726044406641385	-0.9805429216472542	0.6273065305053804	-0.05142672832849261	-2.1212414630007324	0.2214984866948097
